,baseline,model,accuracy,bal_accuracy,precision,recall,f1_score,roc_auc
0,tree,sub,0.6254545454545454,0.43986111111111115,0.041666666666666664,0.15,0.06190476190476191,0.1875
1,forest,sub,0.7327272727272728,0.48611111111111105,0.02,0.1,0.03333333333333334,0.4375
2,gb,sub,0.7036363636363635,0.5047222222222223,0.1,0.2,0.12333333333333334,0.5625
3,ada,sub,0.7636363636363637,0.6163888888888889,0.3,0.4,0.31999999999999995,0.625
4,tree,div,0.6363636363636365,0.5113888888888889,0.10595238095238095,0.3,0.14500000000000002,0.3125
5,forest,div,0.7527272727272727,0.5366666666666667,0.175,0.2,0.15666666666666665,0.375
6,gb,div,0.7454545454545454,0.5309722222222222,0.13333333333333333,0.2,0.15666666666666668,0.375
7,ada,div,0.7336363636363636,0.5227777777777778,0.2,0.2,0.2,0.4375
